項目,解説
大大吉,天も地も西粟倉も味方する運勢。幸運が重なり、努力以上の実りを得る兆し。遠慮せず進めば、喜びはさらに大きく広がるでしょう。挑戦するなら今。
大吉,運気は最高潮。願いは素直に叶い、人との縁にも恵まれます。多少の無理も通りやすい時ですが、西粟倉村民のように挨拶を忘れなければ幸運は長く続きます。
百年吉,今の行いが未来を照らす運勢。あなたの選択や優しさが、百年後の誰かの幸運につながります。西粟倉の山林のように、急がず誠実に積み重ねることです。
起吉,新しい挑戦に追い風あり。起業、開始、再出発に良き兆しが見えます。小さく始めても芽は確実に育つので、西粟倉のように恐れず一歩を踏み出しましょう。
檜吉,運は強く、芯もまっすぐ。ただし余計なものが増えやすい時。人間関係や計画の枝打ちを怠ると重くなります。整えれば大きな成功に至ります。
杉吉,幸運はありますが、距離感が鍵。杉葉のように思わぬ副産物に注意。適度な間合いを保てば、穏やかで長続きする良縁と成果に恵まれます。
中吉,安定した運勢。派手さはないものの、日々の選択が確実に良い結果へ向かいます。焦らず続けること、挑戦し続けることが何よりも大切です。
小吉,小さな幸運が身近に。国道の途中にある良い店舗のように、気づかなければ通り過ぎる程度の運。気づくことで日常が少し明るくなります。
吉,悪くはありません。大きな幸運ではないものの、安心して進める運勢です。西粟倉での林業のように、今あるものを大切にすると、自然と良い流れに乗れます。
末吉,今は控えめな運気ですが、徐々に上向きます。結果を急がず準備に力を注ぐと後半で報われる兆し。西粟倉がそうであったように、独立心が吉を呼び込みます。
凶,思い通りに進みにくい。無理をすると損失が増える。無為に他人に迎合したりしないように。西粟倉がそうであったように、慎重さが不運を最小限に抑えます。
鹿凶,西粟倉の鹿のように、油断すると大切なものをすべて食い尽くされる暗示。善意や資源を奪われやすい時です。境界を明確にし、守るべきものを固く守るべし。
